date,Hour,GMTHour,ScheduledDepartures,DeparturesFor MetricComputation,DelayedGateDepartures,% DelayedGateDepartures,AverageMinutesOf DelayPer DelayedGateDeparture,ScheduledArrivals,ArrivalsFor MetricComputation,DelayedGateArrivals,% DelayedGateArrivals,AverageMinutesOf DelayPer DelayedGateArrival
1-Sep-19,0,4,9,8,3,37.5,38.67,11,13,0,0,0
1-Sep-19,1,5,10,9,0,0,0,3,1,1,100,56
1-Sep-19,2,6,4,5,0,0,0,1,4,0,0,0
1-Sep-19,3,7,1,0,0,0,0,3,3,0,0,0
1-Sep-19,4,8,1,1,0,0,0,1,1,0,0,0
1-Sep-19,5,9,12,13,4,30.77,77.5,19,20,1,5,16
1-Sep-19,6,10,17,17,1,5.88,198,23,22,2,9.09,21
1-Sep-19,7,11,32,34,4,11.76,24.75,26,27,2,7.41,16.5
1-Sep-19,8,12,42,43,4,9.3,61.75,16,14,0,0,0
1-Sep-19,9,13,30,30,3,10,21.33,20,21,3,14.29,47
1-Sep-19,10,14,20,22,2,9.09,76,25,25,4,16,43.75
1-Sep-19,11,15,35,35,5,14.29,35.2,22,24,3,12.5,43
1-Sep-19,12,16,22,21,5,23.81,71,27,29,4,13.79,32.5
1-Sep-19,13,17,24,25,3,12,34,39,40,8,20,44.38
1-Sep-19,14,18,29,29,7,24.14,52.29,45,43,5,11.63,35.4
1-Sep-19,15,19,26,27,6,22.22,35.17,43,42,6,14.29,28.33
1-Sep-19,16,20,33,32,3,9.38,24.33,33,29,2,6.9,30
1-Sep-19,17,21,30,31,5,16.13,34,34,34,1,2.94,22
1-Sep-19,18,22,42,39,10,25.64,30.8,33,34,8,23.53,35.13
1-Sep-19,19,23,39,39,6,15.38,26.5,25,23,4,17.39,49.25
1-Sep-19,20,0,30,29,6,20.69,44.5,34,33,2,6.06,49.5
1-Sep-19,21,1,38,35,6,17.14,24.83,19,20,1,5,18
1-Sep-19,22,2,23,20,2,10,27.5,41,38,4,10.53,45.25
1-Sep-19,23,3,21,16,5,31.25,52.4,23,22,4,18.18,91.75
2-Sep-19,0,4,7,6,2,33.33,24.5,12,12,1,8.33,17
2-Sep-19,1,5,10,9,2,22.22,28.5,2,4,0,0,0
2-Sep-19,2,6,5,5,2,40,61.5,1,1,0,0,0
2-Sep-19,3,7,1,1,0,0,0,3,4,1,25,16
2-Sep-19,4,8,1,2,0,0,0,1,3,0,0,0
2-Sep-19,5,9,14,13,2,15.38,21,19,18,2,11.11,30
2-Sep-19,6,10,18,18,2,11.11,30.5,23,22,4,18.18,41
2-Sep-19,7,11,34,34,2,5.88,50,28,28,3,10.71,30.33
2-Sep-19,8,12,46,46,5,10.87,31.8,19,15,2,13.33,17.5
2-Sep-19,9,13,30,30,4,13.33,66.75,23,26,1,3.85,35
2-Sep-19,10,14,22,22,3,13.64,28,22,21,1,4.76,26
2-Sep-19,11,15,36,33,3,9.09,93,23,25,3,12,73
2-Sep-19,12,16,18,16,3,18.75,117,32,31,1,3.23,23
2-Sep-19,13,17,26,24,6,25,113.33,38,39,9,23.08,67
2-Sep-19,14,18,35,34,15,44.12,110,40,36,21,58.33,127.52
2-Sep-19,15,19,25,22,13,59.09,115.69,43,37,25,67.57,176.84
2-Sep-19,16,20,35,27,15,55.56,94.13,35,34,23,67.65,128.17
2-Sep-19,17,21,28,27,14,51.85,77.71,39,38,25,65.79,135.96
2-Sep-19,18,22,43,38,24,63.16,82.25,33,35,19,54.29,107.37
2-Sep-19,19,23,44,39,26,66.67,85.85,29,33,14,42.42,68.57
2-Sep-19,20,0,32,25,16,64,63.19,40,35,14,40,85.14
2-Sep-19,21,1,42,34,25,73.53,67.32,24,19,12,63.16,63.33
2-Sep-19,22,2,27,26,17,65.38,56.53,41,32,20,62.5,58.5
2-Sep-19,23,3,22,18,9,50,57.33,26,25,13,52,54.77
3-Sep-19,0,4,8,7,4,57.14,60,14,12,8,66.67,96.38
3-Sep-19,1,5,11,9,3,33.33,32.67,3,3,0,0,0
3-Sep-19,2,6,3,3,2,66.67,23,1,3,1,33.33,18
3-Sep-19,3,7,0,0,0,0,0,3,4,3,75,312
3-Sep-19,4,8,1,1,0,0,0,1,1,1,100,174
3-Sep-19,5,9,12,10,3,30,32,19,18,1,5.56,27
3-Sep-19,6,10,19,19,4,21.05,32.25,24,25,2,8,38.5
3-Sep-19,7,11,36,36,9,25,77.67,25,27,6,22.22,34.33
3-Sep-19,8,12,47,48,6,12.5,63,18,18,1,5.56,29
3-Sep-19,9,13,30,30,6,20,74.17,24,24,3,12.5,33
3-Sep-19,10,14,22,22,4,18.18,69,23,18,2,11.11,56.5
3-Sep-19,11,15,32,30,6,20,66.5,21,21,3,14.29,66.67
3-Sep-19,12,16,21,21,6,28.57,35.17,30,27,2,7.41,40
3-Sep-19,13,17,24,24,5,20.83,38.2,39,37,4,10.81,117
3-Sep-19,14,18,32,31,4,12.9,50.5,40,35,1,2.86,23
3-Sep-19,15,19,24,24,6,25,34.83,42,41,6,14.63,27
3-Sep-19,16,20,35,33,5,15.15,44.2,35,34,2,5.88,77
3-Sep-19,17,21,28,28,8,28.57,34,36,39,5,12.82,43
3-Sep-19,18,22,42,39,11,28.21,41.18,34,33,5,15.15,48
3-Sep-19,19,23,43,44,15,34.09,38,29,27,2,7.41,21.5
3-Sep-19,20,0,31,29,6,20.69,32.17,37,38,3,7.89,63.67
3-Sep-19,21,1,37,34,7,20.59,27.43,26,26,2,7.69,139.5
3-Sep-19,22,2,23,24,6,25,29.33,38,39,6,15.38,81.67
3-Sep-19,23,3,19,20,5,25,54.6,24,21,4,19.05,30
4-Sep-19,0,4,8,9,2,22.22,48,15,14,2,14.29,49.5
4-Sep-19,1,5,11,11,2,18.18,29.5,0,3,0,0,0
4-Sep-19,2,6,4,4,3,75,65,1,2,0,0,0
4-Sep-19,3,7,0,0,0,0,0,2,3,2,66.67,18
4-Sep-19,4,8,1,1,0,0,0,5,2,0,0,0
4-Sep-19,5,9,11,11,0,0,0,18,23,4,17.39,28.5
4-Sep-19,6,10,18,18,2,11.11,18.5,19,25,3,12,36.33
4-Sep-19,7,11,38,41,3,7.32,46,27,26,2,7.69,30
4-Sep-19,8,12,44,45,3,6.67,24.67,20,22,0,0,0
4-Sep-19,9,13,28,31,2,6.45,19,21,17,2,11.76,45
4-Sep-19,10,14,18,20,2,10,70.5,24,23,3,13.04,31.67
4-Sep-19,11,15,31,31,2,6.45,42.5,23,24,1,4.17,66
4-Sep-19,12,16,20,20,7,35,44.86,30,30,1,3.33,27
4-Sep-19,13,17,22,25,4,16,30.75,35,36,5,13.89,94
4-Sep-19,14,18,30,26,6,23.08,46,44,43,3,6.98,43.67
4-Sep-19,15,19,29,29,4,13.79,40,37,39,12,30.77,35.83
4-Sep-19,16,20,35,35,18,51.43,43.11,34,28,8,28.57,70.13
4-Sep-19,17,21,28,31,7,22.58,42.57,38,40,17,42.5,75.94
4-Sep-19,18,22,37,34,10,29.41,49.1,32,36,15,41.67,58.93
4-Sep-19,19,23,45,44,19,43.18,34.26,27,24,7,29.17,65
4-Sep-19,20,0,29,26,9,34.62,32.89,41,40,16,40,52.81
4-Sep-19,21,1,37,34,13,38.24,48.62,21,20,11,55,54.82
4-Sep-19,22,2,23,25,6,24,36.83,32,32,10,31.25,29.8
4-Sep-19,23,3,23,21,7,33.33,29.29,24,23,4,17.39,24.25
5-Sep-19,0,4,8,10,2,20,33.5,16,15,3,20,32
5-Sep-19,1,5,8,7,1,14.29,18,0,2,0,0,0
5-Sep-19,2,6,2,2,0,0,0,1,1,0,0,0
5-Sep-19,3,7,3,2,0,0,0,3,3,1,33.33,19
5-Sep-19,4,8,2,1,0,0,0,6,5,0,0,0
5-Sep-19,5,9,8,9,1,11.11,34,18,22,3,13.64,76
5-Sep-19,6,10,19,20,3,15,33.33,18,22,4,18.18,21.25
5-Sep-19,7,11,39,43,1,2.33,74,26,26,2,7.69,25
5-Sep-19,8,12,47,49,6,12.24,29.83,19,16,0,0,0
5-Sep-19,9,13,28,31,1,3.23,60,22,20,1,5,74
5-Sep-19,10,14,19,20,0,0,0,25,26,3,11.54,34
5-Sep-19,11,15,34,33,3,9.09,26.67,19,20,1,5,23
5-Sep-19,12,16,21,20,3,15,30.67,32,31,4,12.9,26.75
5-Sep-19,13,17,20,21,2,9.52,25,36,34,5,14.71,22
5-Sep-19,14,18,31,28,5,17.86,23.4,44,43,5,11.63,60
5-Sep-19,15,19,28,28,2,7.14,26,38,36,1,2.78,34
5-Sep-19,16,20,37,36,8,22.22,32.75,35,31,7,22.58,36.14
5-Sep-19,17,21,30,31,0,0,0,38,37,6,16.22,34.17
5-Sep-19,18,22,37,34,5,14.71,25.6,33,32,3,9.38,52
5-Sep-19,19,23,46,45,7,15.56,31.43,26,21,4,19.05,94.5
5-Sep-19,20,0,29,27,5,18.52,31.4,41,41,5,12.2,28.2
5-Sep-19,21,1,39,38,12,31.58,35.42,23,22,3,13.64,32.67
5-Sep-19,22,2,23,25,6,24,43.83,36,33,5,15.15,30.8
5-Sep-19,23,3,26,20,6,30,27.83,26,28,5,17.86,112.4
6-Sep-19,0,4,9,9,1,11.11,44,16,17,2,11.76,27
6-Sep-19,1,5,10,9,0,0,0,2,1,0,0,0
6-Sep-19,2,6,4,4,0,0,0,2,1,0,0,0
6-Sep-19,3,7,0,0,0,0,0,2,2,0,0,0
6-Sep-19,4,8,1,1,0,0,0,5,6,0,0,0
6-Sep-19,5,9,9,9,0,0,0,17,20,1,5,23
6-Sep-19,6,10,18,18,1,5.56,16,19,23,3,13.04,35
6-Sep-19,7,11,38,39,0,0,0,27,29,1,3.45,98
6-Sep-19,8,12,46,48,4,8.33,27.5,20,21,4,19.05,34
6-Sep-19,9,13,28,31,4,12.9,39,20,20,2,10,18
6-Sep-19,10,14,17,18,1,5.56,30,23,23,2,8.7,34.5
6-Sep-19,11,15,33,32,3,9.38,25,20,22,4,18.18,25.75
6-Sep-19,12,16,18,18,2,11.11,16.5,31,30,5,16.67,24
6-Sep-19,13,17,21,21,2,9.52,21.5,36,36,6,16.67,29
6-Sep-19,14,18,30,29,6,20.69,40.33,45,43,10,23.26,49.5
6-Sep-19,15,19,29,30,8,26.67,41.63,38,39,8,20.51,27.5
6-Sep-19,16,20,37,38,10,26.32,48.4,34,29,3,10.34,51.67
6-Sep-19,17,21,30,30,9,30,44.11,37,38,6,15.79,37.5
6-Sep-19,18,22,38,34,14,41.18,30.36,34,32,10,31.25,35.4
6-Sep-19,19,23,47,45,22,48.89,38.55,27,27,11,40.74,50.91
6-Sep-19,20,0,29,26,8,30.77,36.13,40,40,16,40,36
6-Sep-19,21,1,38,36,10,27.78,29,23,24,10,41.67,77.4
6-Sep-19,22,2,24,23,6,26.09,55.33,34,34,6,17.65,52.33
6-Sep-19,23,3,22,15,3,20,39.67,29,26,6,23.08,41.33
7-Sep-19,0,4,9,8,5,62.5,36.2,12,17,7,41.18,46.29
7-Sep-19,1,5,10,11,5,45.45,50.2,0,3,1,33.33,23
7-Sep-19,2,6,4,4,3,75,54.67,1,1,0,0,0
7-Sep-19,3,7,3,2,0,0,0,3,2,0,0,0
7-Sep-19,4,8,1,2,0,0,0,6,5,0,0,0
7-Sep-19,5,9,7,7,0,0,0,16,15,1,6.67,15
7-Sep-19,6,10,18,17,0,0,0,20,23,4,17.39,29.75
7-Sep-19,7,11,34,36,3,8.33,36,24,27,3,11.11,37.67
7-Sep-19,8,12,43,46,2,4.35,23.5,16,19,0,0,0
7-Sep-19,9,13,29,31,3,9.68,70.67,14,17,1,5.88,28
7-Sep-19,10,14,18,19,2,10.53,56,26,26,2,7.69,48.5
7-Sep-19,11,15,34,34,6,17.65,93.5,20,22,2,9.09,25.5
7-Sep-19,12,16,18,19,3,15.79,29,26,24,1,4.17,137
7-Sep-19,13,17,20,20,2,10,47,33,32,4,12.5,25.75
7-Sep-19,14,18,24,25,6,24,21.5,48,45,1,2.22,66
7-Sep-19,15,19,29,30,4,13.33,105,36,35,5,14.29,35.2
7-Sep-19,16,20,36,34,3,8.82,95,32,28,1,3.57,19
7-Sep-19,17,21,28,31,5,16.13,25.4,35,33,1,3.03,25
7-Sep-19,18,22,35,34,3,8.82,59.33,35,35,5,14.29,46.6
7-Sep-19,19,23,44,45,8,17.78,37.13,24,21,0,0,0
7-Sep-19,20,0,28,26,6,23.08,53.33,41,41,3,7.32,45
7-Sep-19,21,1,31,28,1,3.57,87,15,15,0,0,0
7-Sep-19,22,2,22,20,6,30,39,37,33,4,12.12,37.25
7-Sep-19,23,3,22,17,0,0,0,22,21,1,4.76,98
8-Sep-19,0,4,9,7,2,28.57,41.5,17,13,2,15.38,40.5
8-Sep-19,1,5,11,10,2,20,20,1,0,0,0,0
8-Sep-19,2,6,3,3,0,0,0,1,2,0,0,0
8-Sep-19,3,7,1,0,0,0,0,2,2,0,0,0
8-Sep-19,4,8,1,1,0,0,0,5,6,0,0,0
8-Sep-19,5,9,7,7,0,0,0,19,17,1,5.88,25
8-Sep-19,6,10,21,22,0,0,0,20,20,3,15,104
8-Sep-19,7,11,38,39,2,5.13,43.5,26,26,2,7.69,60.5
8-Sep-19,8,12,45,48,1,2.08,21,20,13,0,0,0
8-Sep-19,9,13,30,29,3,10.34,102.67,17,17,0,0,0
8-Sep-19,10,14,17,17,0,0,0,27,26,1,3.85,23
8-Sep-19,11,15,41,40,4,10,120,22,24,4,16.67,20.25
8-Sep-19,12,16,23,22,2,9.09,72,32,33,3,9.09,64.67
8-Sep-19,13,17,26,29,3,10.34,21,39,40,6,15,36.5
8-Sep-19,14,18,32,35,6,17.14,31,48,47,8,17.02,23.88
8-Sep-19,15,19,34,35,7,20,29.57,39,41,4,9.76,22.75
8-Sep-19,16,20,36,36,5,13.89,18,31,28,3,10.71,24.67
8-Sep-19,17,21,34,35,6,17.14,84.67,38,38,0,0,0
8-Sep-19,18,22,36,34,6,17.65,68.17,33,36,3,8.33,31.67
8-Sep-19,19,23,47,46,7,15.22,26.71,26,24,3,12.5,129.67
8-Sep-19,20,0,28,28,6,21.43,59.5,44,43,5,11.63,24.8
8-Sep-19,21,1,40,35,5,14.29,47.6,27,27,1,3.7,15
8-Sep-19,22,2,23,22,2,9.09,27.5,40,40,3,7.5,69.33
8-Sep-19,23,3,23,17,2,11.76,63,29,27,2,7.41,169.5
9-Sep-19,0,4,7,6,0,0,0,16,17,2,11.76,31
9-Sep-19,1,5,10,8,2,25,26.5,0,1,0,0,0
9-Sep-19,2,6,5,6,1,16.67,18,1,1,1,100,21
9-Sep-19,3,7,1,1,0,0,0,2,6,1,16.67,70
9-Sep-19,4,8,1,1,0,0,0,6,5,1,20,16
9-Sep-19,5,9,10,9,0,0,0,18,18,3,16.67,24.67
9-Sep-19,6,10,19,19,1,5.26,56,19,20,2,10,30.5
9-Sep-19,7,11,38,37,2,5.41,35,27,27,1,3.7,19
9-Sep-19,8,12,47,49,3,6.12,39,22,19,0,0,0
9-Sep-19,9,13,32,32,2,6.25,109.5,21,24,1,4.17,25
9-Sep-19,10,14,19,20,0,0,0,25,25,2,8,87.5
9-Sep-19,11,15,40,37,4,10.81,106.5,23,22,1,4.55,81
9-Sep-19,12,16,19,18,1,5.56,101,34,32,3,9.38,33.33
9-Sep-19,13,17,28,29,5,17.24,23.2,38,38,2,5.26,47.5
9-Sep-19,14,18,32,32,3,9.38,39.67,46,45,5,11.11,42.4
9-Sep-19,15,19,33,35,8,22.86,48.5,38,37,2,5.41,22.5
9-Sep-19,16,20,36,35,2,5.71,43,32,30,5,16.67,37.4
9-Sep-19,17,21,32,33,6,18.18,82.33,39,39,5,12.82,30
9-Sep-19,18,22,37,32,5,15.63,38.6,34,33,5,15.15,22.6
9-Sep-19,19,23,47,46,7,15.22,27.29,25,23,2,8.7,40
9-Sep-19,20,0,29,27,4,14.81,56.5,42,40,3,7.5,25.67
9-Sep-19,21,1,39,38,9,23.68,56.67,23,22,1,4.55,27
9-Sep-19,22,2,23,25,3,12,41,38,35,9,25.71,42.33
9-Sep-19,23,3,24,20,3,15,28.67,28,29,2,6.9,30
10-Sep-19,0,4,8,7,0,0,0,15,17,4,23.53,53
10-Sep-19,1,5,8,7,0,0,0,1,1,1,100,23
10-Sep-19,2,6,3,4,0,0,0,1,1,0,0,0
10-Sep-19,3,7,1,1,1,100,20,2,4,0,0,0
10-Sep-19,4,8,1,0,0,0,0,5,6,1,16.67,47
10-Sep-19,5,9,8,9,0,0,0,16,21,8,38.1,24.13
10-Sep-19,6,10,19,20,1,5,33,21,24,5,20.83,24
10-Sep-19,7,11,36,37,1,2.7,43,26,28,4,14.29,31
10-Sep-19,8,12,47,51,3,5.88,40.67,18,21,1,4.76,21
10-Sep-19,9,13,31,34,5,14.71,74,20,19,0,0,0
10-Sep-19,10,14,17,20,3,15,134.67,25,28,2,7.14,53.5
10-Sep-19,11,15,37,38,3,7.89,25.67,22,21,2,9.52,17
10-Sep-19,12,16,21,21,1,4.76,31,32,30,2,6.67,22
10-Sep-19,13,17,22,25,3,12,34.67,39,38,4,10.53,38.5
10-Sep-19,14,18,32,32,3,9.38,18.33,47,44,6,13.64,26.17
10-Sep-19,15,19,34,34,8,23.53,40.38,37,37,6,16.22,33.17
10-Sep-19,16,20,35,35,4,11.43,59,33,30,7,23.33,27.86
10-Sep-19,17,21,30,30,3,10,24.67,35,36,1,2.78,120
10-Sep-19,18,22,36,35,5,14.29,22.8,34,35,4,11.43,29
10-Sep-19,19,23,45,45,8,17.78,40.5,26,25,1,4,42
10-Sep-19,20,0,28,26,0,0,0,42,42,8,19.05,37
10-Sep-19,21,1,37,35,9,25.71,35.56,24,24,2,8.33,67.5
10-Sep-19,22,2,22,23,5,21.74,39.2,35,34,8,23.53,86
10-Sep-19,23,3,21,17,3,17.65,22.33,29,29,4,13.79,41.75
11-Sep-19,0,4,8,8,3,37.5,27,16,15,1,6.67,61
11-Sep-19,1,5,10,10,2,20,31.5,1,2,1,50,149
11-Sep-19,2,6,3,3,0,0,0,1,2,0,0,0
11-Sep-19,3,7,0,0,0,0,0,2,3,1,33.33,71
11-Sep-19,4,8,1,1,0,0,0,5,5,1,20,74
11-Sep-19,5,9,8,8,0,0,0,18,18,6,33.33,33
11-Sep-19,6,10,18,19,1,5.26,203,18,25,5,20,38.6
11-Sep-19,7,11,37,40,3,7.5,26,26,26,0,0,0
11-Sep-19,8,12,46,49,4,8.16,47.75,18,19,3,15.79,38.67
11-Sep-19,9,13,31,33,1,3.03,85,21,19,1,5.26,59
11-Sep-19,10,14,18,18,0,0,0,24,25,1,4,26
11-Sep-19,11,15,35,37,6,16.22,69.17,23,24,1,4.17,17
11-Sep-19,12,16,20,21,5,23.81,44.8,33,35,4,11.43,39.25
11-Sep-19,13,17,23,26,6,23.08,26.67,39,39,9,23.08,26.56
11-Sep-19,14,18,31,31,2,6.45,130,46,45,1,2.22,16
11-Sep-19,15,19,34,36,4,11.11,157.5,37,37,4,10.81,36.75
11-Sep-19,16,20,35,36,6,16.67,39.17,33,29,4,13.79,75
11-Sep-19,17,21,30,30,2,6.67,28.5,36,36,9,25,34.44
11-Sep-19,18,22,37,36,9,25,40.22,32,34,11,32.35,46.91
11-Sep-19,19,23,46,45,5,11.11,39.8,27,28,11,39.29,39.55
11-Sep-19,20,0,30,29,8,27.59,23.5,43,41,18,43.9,55.83
11-Sep-19,21,1,36,36,10,27.78,31.7,23,24,10,41.67,46.1
11-Sep-19,22,2,22,25,8,32,48.25,37,35,18,51.43,40.44
11-Sep-19,23,3,24,20,4,20,21.5,26,26,10,38.46,28.2
12-Sep-19,0,4,8,9,0,0,0,17,16,1,6.25,25
12-Sep-19,1,5,7,8,2,25,28.5,0,4,1,25,83
12-Sep-19,2,6,1,1,0,0,0,1,3,2,66.67,48.5
12-Sep-19,3,7,3,2,0,0,0,3,2,0,0,0
12-Sep-19,4,8,2,1,0,0,0,6,5,0,0,0
12-Sep-19,5,9,8,9,2,22.22,54.5,19,20,6,30,43
12-Sep-19,6,10,21,23,1,4.35,19,19,25,9,36,47.67
12-Sep-19,7,11,38,40,7,17.5,28.86,26,26,7,26.92,26.86
12-Sep-19,8,12,48,50,8,16,36.63,20,17,3,17.65,55
12-Sep-19,9,13,32,34,4,11.76,98,22,22,3,13.64,91.67
12-Sep-19,10,14,19,20,1,5,19,25,24,1,4.17,82
12-Sep-19,11,15,41,39,2,5.13,30.5,20,22,4,18.18,19.5
12-Sep-19,12,16,21,21,1,4.76,152,35,34,4,11.76,63.25
12-Sep-19,13,17,24,24,5,20.83,70.6,39,40,3,7.5,27
12-Sep-19,14,18,32,33,3,9.09,166.33,46,45,4,8.89,86
12-Sep-19,15,19,33,34,7,20.59,101.57,38,37,7,18.92,35
12-Sep-19,16,20,37,37,15,40.54,49.4,36,32,6,18.75,46.33
12-Sep-19,17,21,34,34,10,29.41,77.6,39,39,12,30.77,53
12-Sep-19,18,22,37,34,14,41.18,28.43,34,34,7,20.59,105.86
12-Sep-19,19,23,48,49,15,30.61,67.53,26,25,7,28,78.14
12-Sep-19,20,0,30,28,6,21.43,70.17,44,43,18,41.86,98.39
12-Sep-19,21,1,39,39,17,43.59,51,26,27,7,25.93,61
12-Sep-19,22,2,23,25,6,24,73.33,41,39,15,38.46,39
12-Sep-19,23,3,26,20,1,5,79,28,30,17,56.67,44.59
13-Sep-19,0,4,9,8,3,37.5,26,17,19,9,47.37,52.11
13-Sep-19,1,5,9,7,2,28.57,96,2,0,0,0,0
13-Sep-19,2,6,4,4,0,0,0,2,1,1,100,20
13-Sep-19,3,7,0,0,0,0,0,2,2,0,0,0
13-Sep-19,4,8,1,1,0,0,0,5,8,3,37.5,63.33
13-Sep-19,5,9,8,8,0,0,0,18,20,4,20,29.25
13-Sep-19,6,10,19,20,0,0,0,20,25,6,24,39.17
13-Sep-19,7,11,38,39,2,5.13,20,27,28,6,21.43,35.83
13-Sep-19,8,12,47,50,3,6,24.67,21,21,0,0,0
13-Sep-19,9,13,32,33,7,21.21,58.14,21,21,3,14.29,29
13-Sep-19,10,14,19,22,5,22.73,19,24,24,2,8.33,101.5
13-Sep-19,11,15,39,38,3,7.89,27.33,21,24,2,8.33,20
13-Sep-19,12,16,18,19,3,15.79,31.33,32,31,2,6.45,67.5
13-Sep-19,13,17,25,25,5,20,31.2,39,38,6,15.79,43.33
13-Sep-19,14,18,31,32,3,9.38,41.67,47,45,0,0,0
13-Sep-19,15,19,34,34,4,11.76,72,37,38,5,13.16,28
13-Sep-19,16,20,37,37,9,24.32,29.56,35,31,2,6.45,26.5
13-Sep-19,17,21,33,34,6,17.65,40.83,38,39,15,38.46,80.93
13-Sep-19,18,22,38,36,11,30.56,43.27,34,34,10,29.41,37.1
13-Sep-19,19,23,48,47,7,14.89,36.71,27,26,3,11.54,33.67
13-Sep-19,20,0,29,27,5,18.52,31.2,43,43,12,27.91,79.33
13-Sep-19,21,1,39,37,11,29.73,37.36,25,24,9,37.5,29
13-Sep-19,22,2,23,22,6,27.27,42.5,39,38,13,34.21,45.62
13-Sep-19,23,3,22,15,5,33.33,40.6,30,29,5,17.24,32.8
14-Sep-19,0,4,9,10,3,30,41.67,12,19,3,15.79,39
14-Sep-19,1,5,9,10,1,10,60,0,2,1,50,40
14-Sep-19,2,6,4,4,2,50,49,1,3,1,33.33,16
14-Sep-19,3,7,3,2,1,50,24,3,2,0,0,0
14-Sep-19,4,8,1,1,0,0,0,6,5,0,0,0
14-Sep-19,5,9,6,9,3,33.33,50.33,13,14,1,7.14,29
14-Sep-19,6,10,18,18,0,0,0,20,23,1,4.35,23
14-Sep-19,7,11,34,35,1,2.86,42,24,29,4,13.79,19
14-Sep-19,8,12,45,46,2,4.35,31.5,18,23,4,17.39,34.5
14-Sep-19,9,13,31,35,2,5.71,91.5,14,15,1,6.67,45
14-Sep-19,10,14,20,21,3,14.29,51.33,27,32,3,9.38,51.33
14-Sep-19,11,15,36,36,4,11.11,43.25,19,21,1,4.76,24
14-Sep-19,12,16,17,19,1,5.26,21,27,26,0,0,0
14-Sep-19,13,17,22,23,1,4.35,22,36,37,3,8.11,27.33
14-Sep-19,14,18,25,25,3,12,27.33,48,48,3,6.25,36.67
14-Sep-19,15,19,31,32,2,6.25,16.5,37,37,5,13.51,36.4
14-Sep-19,16,20,36,36,2,5.56,24,33,30,3,10,40.33
14-Sep-19,17,21,29,30,2,6.67,45.5,39,38,3,7.89,148.67
14-Sep-19,18,22,35,32,5,15.63,43.8,33,32,1,3.13,54
14-Sep-19,19,23,45,45,9,20,33.67,25,22,2,9.09,79.5
14-Sep-19,20,0,28,26,8,30.77,46.25,42,41,2,4.88,23.5
14-Sep-19,21,1,31,30,4,13.33,32,15,16,2,12.5,29.5
14-Sep-19,22,2,22,18,4,22.22,31,39,35,2,5.71,27
14-Sep-19,23,3,22,18,1,5.56,54,24,22,1,4.55,34
15-Sep-19,0,4,9,7,2,28.57,24,17,14,1,7.14,50
15-Sep-19,1,5,10,9,0,0,0,1,1,0,0,0
15-Sep-19,2,6,3,5,0,0,0,1,1,0,0,0
15-Sep-19,3,7,1,0,0,0,0,2,2,0,0,0
15-Sep-19,4,8,1,1,0,0,0,5,5,0,0,0
15-Sep-19,5,9,7,7,1,14.29,40,19,16,0,0,0
15-Sep-19,6,10,21,21,2,9.52,103,20,20,1,5,42
15-Sep-19,7,11,38,40,3,7.5,71,26,26,1,3.85,18
15-Sep-19,8,12,46,47,2,4.26,31.5,20,17,3,17.65,21
15-Sep-19,9,13,31,32,4,12.5,44.75,16,16,0,0,0
15-Sep-19,10,14,17,18,0,0,0,26,28,1,3.57,67
15-Sep-19,11,15,41,40,3,7.5,56.67,22,25,1,4,126
15-Sep-19,12,16,22,22,4,18.18,56,32,33,3,9.09,43
15-Sep-19,13,17,24,26,3,11.54,24.67,39,39,2,5.13,68
15-Sep-19,14,18,32,33,6,18.18,41.83,48,46,2,4.35,52.5
15-Sep-19,15,19,34,36,6,16.67,17.83,39,38,5,13.16,35
15-Sep-19,16,20,36,35,4,11.43,54.75,32,31,2,6.45,30.5
15-Sep-19,17,21,34,34,5,14.71,40.6,38,37,3,8.11,75
15-Sep-19,18,22,36,34,6,17.65,40.83,33,34,3,8.82,37
15-Sep-19,19,23,47,46,6,13.04,56.83,27,26,3,11.54,68
15-Sep-19,20,0,29,29,5,17.24,35.6,45,44,1,2.27,62
15-Sep-19,21,1,41,38,9,23.68,47.67,26,25,2,8,22
15-Sep-19,22,2,23,20,3,15,29.33,39,37,3,8.11,28.33
15-Sep-19,23,3,23,18,2,11.11,22.5,28,28,1,3.57,18
16-Sep-19,0,4,7,6,3,50,33,16,18,4,22.22,67.5
16-Sep-19,1,5,9,7,0,0,0,0,1,0,0,0
16-Sep-19,2,6,4,4,0,0,0,1,2,0,0,0
16-Sep-19,3,7,1,1,0,0,0,2,3,0,0,0
16-Sep-19,4,8,1,2,0,0,0,5,5,1,20,17
16-Sep-19,5,9,10,9,0,0,0,19,18,1,5.56,26
16-Sep-19,6,10,19,19,1,5.26,41,19,20,3,15,19
16-Sep-19,7,11,38,39,1,2.56,25,27,27,1,3.7,15
16-Sep-19,8,12,46,47,3,6.38,76.33,22,21,2,9.52,59
16-Sep-19,9,13,33,33,1,3.03,55,22,23,0,0,0
16-Sep-19,10,14,19,20,2,10,37.5,24,26,1,3.85,28
16-Sep-19,11,15,40,39,4,10.26,32,25,25,2,8,20
16-Sep-19,12,16,20,20,0,0,0,34,35,2,5.71,29.5
16-Sep-19,13,17,28,30,2,6.67,27,39,41,4,9.76,33.5
16-Sep-19,14,18,32,32,5,15.63,23.2,46,46,3,6.52,21.67
16-Sep-19,15,19,33,37,7,18.92,64.57,37,36,4,11.11,28.75
16-Sep-19,16,20,35,34,5,14.71,32,33,31,2,6.45,34.5
16-Sep-19,17,21,32,33,4,12.12,67.25,39,38,2,5.26,30
16-Sep-19,18,22,37,34,5,14.71,34,32,31,2,6.45,79.5
16-Sep-19,19,23,48,48,4,8.33,26.25,26,24,5,20.83,30.4
16-Sep-19,20,0,29,27,5,18.52,37.6,42,42,4,9.52,29.75
16-Sep-19,21,1,40,39,7,17.95,44,23,24,1,4.17,34
16-Sep-19,22,2,23,25,3,12,31.33,40,38,3,7.89,35
16-Sep-19,23,3,24,20,0,0,0,28,28,3,10.71,28.33
17-Sep-19,0,4,8,7,2,28.57,40,16,17,4,23.53,31
17-Sep-19,1,5,9,8,1,12.5,30,1,1,1,100,43
17-Sep-19,2,6,4,4,1,25,31,1,1,0,0,0
17-Sep-19,3,7,0,0,0,0,0,2,2,0,0,0
17-Sep-19,4,8,1,1,0,0,0,5,5,1,20,15
17-Sep-19,5,9,8,8,1,12.5,32,15,19,1,5.26,53
17-Sep-19,6,10,18,18,1,5.56,36,21,25,3,12,46.67
17-Sep-19,7,11,34,39,4,10.26,26.25,25,25,2,8,36.5
17-Sep-19,8,12,48,50,4,8,33.5,16,20,1,5,28
17-Sep-19,9,13,31,34,1,2.94,38,20,20,0,0,0
17-Sep-19,10,14,17,17,1,5.88,44,25,25,1,4,23
17-Sep-19,11,15,37,37,4,10.81,36.25,23,25,2,8,47
17-Sep-19,12,16,22,20,3,15,17.33,31,31,1,3.23,53
17-Sep-19,13,17,23,25,0,0,0,39,38,1,2.63,28
17-Sep-19,14,18,32,33,4,12.12,26.5,47,45,2,4.44,79
17-Sep-19,15,19,34,34,5,14.71,65.6,35,34,4,11.76,47.25
17-Sep-19,16,20,35,35,5,14.29,29.8,35,33,2,6.06,58.5
17-Sep-19,17,21,31,32,8,25,43.63,36,36,2,5.56,34
17-Sep-19,18,22,35,33,2,6.06,25,33,33,2,6.06,142
17-Sep-19,19,23,46,46,9,19.57,56.89,27,28,3,10.71,29
17-Sep-19,20,0,28,26,1,3.85,20,42,41,3,7.32,73.33
17-Sep-19,21,1,38,37,5,13.51,25.2,24,26,0,0,0
17-Sep-19,22,2,21,23,6,26.09,48.17,34,35,4,11.43,42
17-Sep-19,23,3,20,18,4,22.22,35.75,29,29,3,10.34,39.33
18-Sep-19,0,4,8,7,2,28.57,27.5,16,17,0,0,0
18-Sep-19,1,5,8,7,2,28.57,30,0,1,0,0,0
18-Sep-19,2,6,4,5,1,20,15,1,1,0,0,0
18-Sep-19,3,7,0,0,0,0,0,2,2,0,0,0
18-Sep-19,4,8,1,1,0,0,0,5,5,1,20,43
18-Sep-19,5,9,8,8,2,25,28.5,18,18,1,5.56,17
18-Sep-19,6,10,17,19,3,15.79,55.67,18,26,4,15.38,37.5
18-Sep-19,7,11,37,39,3,7.69,20,26,27,2,7.41,53
18-Sep-19,8,12,47,48,1,2.08,23,19,18,1,5.56,20
18-Sep-19,9,13,31,35,3,8.57,56.33,21,18,0,0,0
18-Sep-19,10,14,17,18,0,0,0,24,25,2,8,31
18-Sep-19,11,15,35,36,5,13.89,40.2,25,27,3,11.11,30.67
18-Sep-19,12,16,23,21,3,14.29,46.33,33,33,0,0,0
18-Sep-19,13,17,25,27,2,7.41,102,39,37,2,5.41,46.5
18-Sep-19,14,18,31,32,3,9.38,23.67,46,44,0,0,0
18-Sep-19,15,19,34,35,3,8.57,39.67,36,38,5,13.16,50
18-Sep-19,16,20,35,35,7,20,24.86,36,32,4,12.5,33.75
18-Sep-19,17,21,30,33,10,30.3,47.9,38,38,3,7.89,54
18-Sep-19,18,22,37,33,8,24.24,24.25,31,30,0,0,0
18-Sep-19,19,23,47,45,6,13.33,23,26,26,4,15.38,28
18-Sep-19,20,0,29,27,4,14.81,20.5,44,43,5,11.63,52.6
18-Sep-19,21,1,36,37,6,16.22,20.33,23,24,2,8.33,48
18-Sep-19,22,2,23,24,6,25,41.67,37,36,5,13.89,47.2
18-Sep-19,23,3,24,21,4,19.05,51.75,27,25,2,8,30
19-Sep-19,0,4,9,9,1,11.11,17,17,16,1,6.25,25
19-Sep-19,1,5,6,5,0,0,0,0,0,0,0,0
19-Sep-19,2,6,2,2,0,0,0,1,2,1,50,18
19-Sep-19,3,7,3,2,0,0,0,3,2,0,0,0
19-Sep-19,4,8,2,1,0,0,0,6,5,0,0,0
19-Sep-19,5,9,8,8,0,0,0,19,21,4,19.05,32.25
19-Sep-19,6,10,20,20,0,0,0,19,24,4,16.67,36
19-Sep-19,7,11,38,40,3,7.5,56,26,27,2,7.41,24.5
19-Sep-19,8,12,49,50,4,8,89,20,18,2,11.11,23
19-Sep-19,9,13,33,36,1,2.78,22,21,17,0,0,0
19-Sep-19,10,14,17,21,1,4.76,42,25,27,2,7.41,35.5
19-Sep-19,11,15,39,37,4,10.81,60,23,23,1,4.35,60
19-Sep-19,12,16,23,22,4,18.18,33.5,34,32,1,3.13,26
19-Sep-19,13,17,24,24,4,16.67,29.5,39,39,6,15.38,22.17
19-Sep-19,14,18,31,32,6,18.75,25.67,46,43,3,6.98,32.67
19-Sep-19,15,19,33,34,5,14.71,35,38,39,5,12.82,66.2
19-Sep-19,16,20,37,37,4,10.81,47,35,31,3,9.68,45.33
19-Sep-19,17,21,35,37,7,18.92,49.29,39,39,7,17.95,57.43
19-Sep-19,18,22,37,36,8,22.22,33.13,34,37,8,21.62,59.25
19-Sep-19,19,23,48,49,13,26.53,43.85,26,24,2,8.33,24
19-Sep-19,20,0,29,27,5,18.52,56.2,44,43,3,6.98,28.33
19-Sep-19,21,1,40,42,4,9.52,41,25,27,4,14.81,28.5
19-Sep-19,22,2,24,24,6,25,26.67,40,40,2,5,30
19-Sep-19,23,3,24,22,3,13.64,30.33,27,27,1,3.7,51
20-Sep-19,0,4,8,8,0,0,0,17,18,4,22.22,81.75
20-Sep-19,1,5,9,8,2,25,32.5,2,0,0,0,0
20-Sep-19,2,6,4,4,0,0,0,2,1,0,0,0
20-Sep-19,3,7,0,0,0,0,0,2,3,1,33.33,101
20-Sep-19,4,8,1,1,0,0,0,5,6,1,16.67,75
20-Sep-19,5,9,8,8,1,12.5,19,18,20,2,10,23.5
20-Sep-19,6,10,19,19,1,5.26,30,20,23,4,17.39,49
20-Sep-19,7,11,38,39,3,7.69,56,27,30,5,16.67,52.2
20-Sep-19,8,12,48,51,7,13.73,29.71,21,20,2,10,24
20-Sep-19,9,13,32,33,1,3.03,21,20,19,0,0,0
20-Sep-19,10,14,17,19,4,21.05,23.75,24,28,3,10.71,43
20-Sep-19,11,15,39,42,4,9.52,25.75,23,22,2,9.09,68.5
20-Sep-19,12,16,20,20,3,15,50.33,33,33,2,6.06,23.5
20-Sep-19,13,17,25,27,4,14.81,21.5,39,40,3,7.5,48.33
20-Sep-19,14,18,31,31,3,9.68,60,46,43,5,11.63,60.8
20-Sep-19,15,19,34,35,6,17.14,37.5,39,38,5,13.16,30.8
20-Sep-19,16,20,37,38,6,15.79,44.5,34,32,2,6.25,15
20-Sep-19,17,21,34,34,4,11.76,31.25,38,38,4,10.53,78
20-Sep-19,18,22,37,35,2,5.71,30.5,33,33,3,9.09,35
20-Sep-19,19,23,48,47,4,8.51,36,27,25,1,4,20
20-Sep-19,20,0,29,27,4,14.81,27.5,43,42,1,2.38,17
20-Sep-19,21,1,40,38,6,15.79,35.5,25,27,0,0,0
20-Sep-19,22,2,22,23,1,4.35,34,38,36,2,5.56,19.5
20-Sep-19,23,3,21,17,0,0,0,30,30,6,20,28.17
21-Sep-19,0,4,9,8,2,25,26.5,12,18,0,0,0
21-Sep-19,1,5,8,10,1,10,55,1,3,0,0,0
21-Sep-19,2,6,4,4,3,75,28.33,1,1,0,0,0
21-Sep-19,3,7,3,2,0,0,0,3,2,0,0,0
21-Sep-19,4,8,1,2,0,0,0,6,6,1,16.67,50
21-Sep-19,5,9,6,6,1,16.67,55,14,14,2,14.29,20.5
21-Sep-19,6,10,19,21,3,14.29,21,20,26,5,19.23,24.6
21-Sep-19,7,11,34,35,3,8.57,45.33,24,26,2,7.69,43
21-Sep-19,8,12,45,45,3,6.67,56,18,23,1,4.35,26
21-Sep-19,9,13,31,33,4,12.12,38,13,16,2,12.5,41.5
21-Sep-19,10,14,20,22,0,0,0,27,31,1,3.23,65
21-Sep-19,11,15,34,35,2,5.71,37.5,21,20,1,5,29
21-Sep-19,12,16,19,20,1,5,68,27,26,1,3.85,86
21-Sep-19,13,17,22,25,4,16,28,36,36,1,2.78,27
21-Sep-19,14,18,25,25,5,20,31.8,47,46,5,10.87,24.8
21-Sep-19,15,19,31,32,1,3.13,32,37,36,3,8.33,48.33
21-Sep-19,16,20,36,35,5,14.29,36,34,30,0,0,0
21-Sep-19,17,21,29,30,6,20,33.33,37,34,1,2.94,16
21-Sep-19,18,22,35,34,4,11.76,44.25,33,34,5,14.71,29.6
21-Sep-19,19,23,45,45,4,8.89,25.5,24,24,1,4.17,20
21-Sep-19,20,0,27,26,5,19.23,50,42,42,4,9.52,34.75
21-Sep-19,21,1,30,30,5,16.67,40.8,15,18,3,16.67,62.67
21-Sep-19,22,2,22,21,2,9.52,43,38,35,2,5.71,37.5
21-Sep-19,23,3,21,17,1,5.88,20,23,22,2,9.09,84.5
22-Sep-19,0,4,9,6,0,0,0,17,14,1,7.14,38
22-Sep-19,1,5,9,9,1,11.11,18,1,0,0,0,0
22-Sep-19,2,6,3,4,1,25,27,1,1,0,0,0
22-Sep-19,3,7,1,1,1,100,60,2,2,0,0,0
22-Sep-19,4,8,1,1,0,0,0,5,5,2,40,28
22-Sep-19,5,9,7,7,0,0,0,18,15,1,6.67,21
22-Sep-19,6,10,21,21,2,9.52,98,20,19,1,5.26,91
22-Sep-19,7,11,38,41,2,4.88,43,26,27,3,11.11,48.67
22-Sep-19,8,12,45,46,3,6.52,24.33,20,15,2,13.33,53.5
22-Sep-19,9,13,32,31,1,3.23,50,17,18,2,11.11,110.5
22-Sep-19,10,14,17,18,1,5.56,16,26,28,1,3.57,48
22-Sep-19,11,15,40,41,2,4.88,20,24,25,2,8,37.5
22-Sep-19,12,16,24,23,5,21.74,25.4,33,33,1,3.03,18
22-Sep-19,13,17,25,26,4,15.38,36,40,41,5,12.2,35.8
22-Sep-19,14,18,32,35,5,14.29,34.4,47,48,6,12.5,36.33
22-Sep-19,15,19,34,38,8,21.05,49,39,40,5,12.5,53
22-Sep-19,16,20,36,39,9,23.08,42.22,32,31,2,6.45,29.5
22-Sep-19,17,21,34,34,7,20.59,32.57,36,38,3,7.89,53
22-Sep-19,18,22,36,35,5,14.29,56.8,34,34,8,23.53,34.13
22-Sep-19,19,23,46,49,6,12.24,41.33,27,26,2,7.69,30.5
22-Sep-19,20,0,29,31,6,19.35,30.17,46,47,4,8.51,50.5
22-Sep-19,21,1,40,40,6,15,40.83,25,27,5,18.52,33.8
22-Sep-19,22,2,24,22,7,31.82,34.43,39,40,8,20,43.25
22-Sep-19,23,3,22,18,4,22.22,19.5,28,28,3,10.71,20
23-Sep-19,0,4,7,7,2,28.57,30,15,17,4,23.53,53.5
23-Sep-19,1,5,8,6,1,16.67,15,0,4,1,25,43
23-Sep-19,2,6,5,5,0,0,0,1,2,0,0,0
23-Sep-19,3,7,1,1,0,0,0,2,4,0,0,0
23-Sep-19,4,8,1,1,0,0,0,5,5,0,0,0
23-Sep-19,5,9,10,9,0,0,0,17,17,1,5.88,64
23-Sep-19,6,10,19,21,2,9.52,25.5,19,19,0,0,0
23-Sep-19,7,11,38,40,4,10,38.75,27,29,3,10.34,91
23-Sep-19,8,12,45,47,4,8.51,36.5,22,20,0,0,0
23-Sep-19,9,13,32,33,2,6.06,27,22,25,0,0,0
23-Sep-19,10,14,19,19,1,5.26,34,24,25,1,4,18
23-Sep-19,11,15,40,41,4,9.76,55.25,25,27,2,7.41,49.5
23-Sep-19,12,16,20,20,4,20,31.5,34,32,1,3.13,56
23-Sep-19,13,17,27,28,6,21.43,31,38,41,3,7.32,35.33
23-Sep-19,14,18,32,31,4,12.9,40.25,46,46,3,6.52,32.67
23-Sep-19,15,19,33,37,4,10.81,33.25,37,36,3,8.33,26.33
23-Sep-19,16,20,36,39,7,17.95,40.71,33,32,2,6.25,69
23-Sep-19,17,21,32,32,2,6.25,33.5,39,38,1,2.63,16
23-Sep-19,18,22,37,34,3,8.82,29.67,32,32,2,6.25,29
23-Sep-19,19,23,48,47,6,12.77,20.17,25,23,1,4.35,22
23-Sep-19,20,0,30,28,4,14.29,35,42,41,2,4.88,21.5
23-Sep-19,21,1,39,39,4,10.26,27.5,22,22,0,0,0
23-Sep-19,22,2,23,24,2,8.33,63.5,39,39,3,7.69,23.33
23-Sep-19,23,3,22,20,3,15,30,27,27,3,11.11,37
24-Sep-19,0,4,8,7,2,28.57,25.5,15,16,1,6.25,55
24-Sep-19,1,5,8,7,2,28.57,32,1,1,0,0,0
24-Sep-19,2,6,2,2,0,0,0,1,1,1,100,68
24-Sep-19,3,7,1,1,0,0,0,2,2,0,0,0
24-Sep-19,4,8,1,1,0,0,0,5,6,1,16.67,44
24-Sep-19,5,9,8,8,0,0,0,13,19,2,10.53,26.5
24-Sep-19,6,10,18,17,1,5.88,33,21,22,4,18.18,46
24-Sep-19,7,11,34,36,1,2.78,23,26,26,3,11.54,35
24-Sep-19,8,12,47,48,2,4.17,17,17,20,2,10,31.5
24-Sep-19,9,13,31,33,2,6.06,40,20,19,0,0,0
24-Sep-19,10,14,16,16,1,6.25,27,25,28,1,3.57,16
24-Sep-19,11,15,37,37,2,5.41,27,22,22,3,13.64,86.33
24-Sep-19,12,16,22,20,0,0,0,32,33,6,18.18,24
24-Sep-19,13,17,22,24,1,4.17,35,39,39,1,2.56,29
24-Sep-19,14,18,32,33,1,3.03,19,47,44,6,13.64,41.83
24-Sep-19,15,19,34,35,5,14.29,27.2,36,38,4,10.53,59.5
24-Sep-19,16,20,35,38,3,7.89,58.67,34,31,1,3.23,17
24-Sep-19,17,21,31,31,4,12.9,36.75,34,34,3,8.82,23.33
24-Sep-19,18,22,35,33,7,21.21,28.57,33,35,5,14.29,49.2
24-Sep-19,19,23,45,47,6,12.77,21.17,27,27,1,3.7,66
24-Sep-19,20,0,27,25,3,12,48,42,43,3,6.98,24.67
24-Sep-19,21,1,37,36,6,16.67,33,25,27,4,14.81,20.25
24-Sep-19,22,2,21,23,3,13.04,25.67,35,35,2,5.71,55
24-Sep-19,23,3,20,17,1,5.88,29,29,29,3,10.34,38.33
25-Sep-19,0,4,8,8,1,12.5,48,16,15,1,6.67,40
25-Sep-19,1,5,9,9,0,0,0,0,1,0,0,0
25-Sep-19,2,6,3,3,0,0,0,1,1,0,0,0
25-Sep-19,3,7,0,0,0,0,0,2,2,0,0,0
25-Sep-19,4,8,1,1,0,0,0,5,6,0,0,0
25-Sep-19,5,9,8,8,0,0,0,17,17,5,29.41,44.4
25-Sep-19,6,10,17,17,2,11.76,54.5,18,26,4,15.38,29.5
25-Sep-19,7,11,37,41,2,4.88,26,26,27,1,3.7,18
25-Sep-19,8,12,46,46,4,8.7,94,18,17,0,0,0
25-Sep-19,9,13,31,34,1,2.94,30,20,17,0,0,0
25-Sep-19,10,14,17,19,1,5.26,19,23,24,2,8.33,23
25-Sep-19,11,15,35,36,1,2.78,231,25,26,2,7.69,35
25-Sep-19,12,16,22,22,2,9.09,39.5,33,32,2,6.25,17.5
25-Sep-19,13,17,25,25,3,12,27.33,38,40,4,10,32.75
25-Sep-19,14,18,29,29,2,6.9,54.5,46,45,2,4.44,134
25-Sep-19,15,19,34,35,5,14.29,28.8,36,36,0,0,0
25-Sep-19,16,20,35,35,4,11.43,35.25,34,31,1,3.23,99
25-Sep-19,17,21,30,32,8,25,46.5,37,39,3,7.69,22.67
25-Sep-19,18,22,37,36,5,13.89,32.8,31,34,4,11.76,48
25-Sep-19,19,23,47,47,8,17.02,37.75,27,26,1,3.85,107
25-Sep-19,20,0,29,27,5,18.52,26.2,44,46,6,13.04,31.33
25-Sep-19,21,1,35,35,6,17.14,35.67,24,24,1,4.17,26
25-Sep-19,22,2,23,24,4,16.67,28,35,35,3,8.57,29.33
25-Sep-19,23,3,21,19,3,15.79,48.67,27,28,2,7.14,31.5
26-Sep-19,0,4,9,8,1,12.5,20,17,16,3,18.75,132.67
26-Sep-19,1,5,6,7,1,14.29,57,0,0,0,0,0
26-Sep-19,2,6,2,2,0,0,0,1,2,1,50,29
26-Sep-19,3,7,3,2,0,0,0,3,3,1,33.33,72
26-Sep-19,4,8,2,2,0,0,0,6,5,0,0,0
26-Sep-19,5,9,8,9,1,11.11,21,17,21,3,14.29,20.33
26-Sep-19,6,10,20,20,2,10,24,20,22,4,18.18,56.75
26-Sep-19,7,11,38,40,2,5,17,26,26,1,3.85,35
26-Sep-19,8,12,48,48,2,4.17,51.5,20,18,0,0,0
26-Sep-19,9,13,32,35,0,0,0,21,22,3,13.64,62.67
26-Sep-19,10,14,18,19,2,10.53,17.5,24,25,0,0,0
26-Sep-19,11,15,40,42,5,11.9,99.4,23,26,2,7.69,53.5
26-Sep-19,12,16,23,21,5,23.81,34,34,33,7,21.21,67.71
26-Sep-19,13,17,24,27,8,29.63,56.25,39,39,9,23.08,38.89
26-Sep-19,14,18,31,31,5,16.13,29,47,48,7,14.58,43.43
26-Sep-19,15,19,32,32,7,21.88,49.86,38,38,4,10.53,42.25
26-Sep-19,16,20,38,38,14,36.84,57,35,32,8,25,44.88
26-Sep-19,17,21,35,36,11,30.56,43.82,37,37,13,35.14,33.54
26-Sep-19,18,22,37,34,12,35.29,28.83,33,33,10,30.3,49.4
26-Sep-19,19,23,47,47,21,44.68,38.1,26,25,2,8,58
26-Sep-19,20,0,29,27,10,37.04,64.9,44,43,12,27.91,24.5
26-Sep-19,21,1,39,41,12,29.27,33.5,26,27,3,11.11,47.33
26-Sep-19,22,2,24,25,3,12,24.67,38,37,4,10.81,24.5
26-Sep-19,23,3,23,21,6,28.57,47.83,28,26,2,7.69,93
27-Sep-19,0,4,8,8,3,37.5,25.67,17,17,0,0,0
27-Sep-19,1,5,9,9,3,33.33,30,2,1,1,100,54
27-Sep-19,2,6,4,4,1,25,17,2,2,0,0,0
27-Sep-19,3,7,0,0,0,0,0,2,2,0,0,0
27-Sep-19,4,8,1,1,1,100,17,5,6,0,0,0
27-Sep-19,5,9,8,9,1,11.11,139,17,22,1,4.55,18
27-Sep-19,6,10,20,20,1,5,25,21,23,4,17.39,20.25
27-Sep-19,7,11,38,38,2,5.26,43.5,27,28,3,10.71,26
27-Sep-19,8,12,47,50,5,10,34.2,21,21,0,0,0
27-Sep-19,9,13,32,35,2,5.71,104,20,19,2,10.53,15.5
27-Sep-19,10,14,18,18,0,0,0,23,26,0,0,0
27-Sep-19,11,15,39,36,1,2.78,17,23,20,0,0,0
27-Sep-19,12,16,20,20,4,20,93.25,32,32,3,9.38,46
27-Sep-19,13,17,25,25,2,8,70,39,38,3,7.89,22.33
27-Sep-19,14,18,30,31,5,16.13,52,47,45,3,6.67,62
27-Sep-19,15,19,32,31,4,12.9,23.5,37,39,3,7.69,73.33
27-Sep-19,16,20,37,35,7,20,26.14,35,34,6,17.65,23.33
27-Sep-19,17,21,33,32,2,6.25,29,36,35,8,22.86,36.38
27-Sep-19,18,22,37,34,5,14.71,31,33,35,4,11.43,52
27-Sep-19,19,23,47,46,5,10.87,57.6,25,25,3,12,44.33
27-Sep-19,20,0,29,28,4,14.29,19,43,43,8,18.6,39.88
27-Sep-19,21,1,38,39,9,23.08,26.44,26,27,4,14.81,37.75
27-Sep-19,22,2,21,23,3,13.04,35.33,36,32,8,25,34.13
27-Sep-19,23,3,20,16,2,12.5,35,31,31,1,3.23,15
28-Sep-19,0,4,10,10,4,40,26.75,12,18,2,11.11,28.5
28-Sep-19,1,5,8,8,0,0,0,0,2,0,0,0
28-Sep-19,2,6,4,4,1,25,17,1,2,1,50,56
28-Sep-19,3,7,3,2,0,0,0,3,2,0,0,0
28-Sep-19,4,8,1,1,0,0,0,7,5,2,40,21
28-Sep-19,5,9,6,7,0,0,0,13,15,2,13.33,44
28-Sep-19,6,10,19,21,2,9.52,49.5,20,25,3,12,29.67
28-Sep-19,7,11,34,37,1,2.7,25,24,26,2,7.69,33.5
28-Sep-19,8,12,45,46,2,4.35,37,18,23,1,4.35,30
28-Sep-19,9,13,31,33,5,15.15,30.4,13,15,1,6.67,80
28-Sep-19,10,14,21,22,2,9.09,25,26,26,2,7.69,71
28-Sep-19,11,15,34,35,1,2.86,76,21,25,4,16,50.5
28-Sep-19,12,16,19,18,4,22.22,37,26,25,1,4,26
28-Sep-19,13,17,21,23,4,17.39,20.5,36,38,3,7.89,47.67
28-Sep-19,14,18,24,24,2,8.33,23,47,46,5,10.87,38.6
28-Sep-19,15,19,31,32,2,6.25,22,36,36,5,13.89,68.2
28-Sep-19,16,20,36,37,5,13.51,25,34,30,3,10,19
28-Sep-19,17,21,29,30,3,10,63,37,37,2,5.41,75
28-Sep-19,18,22,35,33,3,9.09,125.67,33,35,4,11.43,42.25
28-Sep-19,19,23,43,43,7,16.28,44.86,25,24,3,12.5,34.33
28-Sep-19,20,0,29,27,4,14.81,42.25,42,43,7,16.28,67.86
28-Sep-19,21,1,29,26,2,7.69,27,16,18,2,11.11,42
28-Sep-19,22,2,23,20,3,15,51.67,37,34,4,11.76,26.75
28-Sep-19,23,3,19,16,0,0,0,24,22,1,4.55,23
